Family,Category,Stroke,Classifications,Keywords,Styles,Variable Axes,Subsets,Designers,Popularity Rank,Trending Rank,Is Noto,Date Added,Last Modified,Google Fonts URL
ABeeZee,Sans Serif,Sans Serif,,clean modern minimal professional readable neutral geometric humanist grotesque italic english western european extended-latin european well-known common,400 | 400i,,latin | latin-ext,Anja Meiners,182,1805,No,2012-09-30,2025-09-08,https://fonts.google.com/specimen/ABeeZee
ADLaM Display,Display,,Display,bold decorative headline attention-grabbing creative expressive  headline hero decorative large-text attention english western european extended-latin european,400,,adlam | latin | latin-ext,Mark Jamra | Neil Patel | Andrew Footit,666,364,No,2023-08-14,2025-05-30,https://fonts.google.com/specimen/ADLaM+Display
AR One Sans,Sans Serif,Sans Serif,,clean modern minimal professional readable neutral geometric humanist grotesque variable variable-font responsive variable-weight english western european extended-latin european vietnamese,400 | 500 | 600 | 700,ARRR: - | wght: -,latin | latin-ext | vietnamese,Niteesh Yadav,746,616,No,2023-09-05,2025-09-16,https://fonts.google.com/specimen/AR+One+Sans
Abel,Sans Serif,Sans Serif,,clean modern minimal professional readable neutral geometric humanist grotesque english western european popular widely-used,400,,latin,MADType,134,1223,No,2011-08-03,2025-05-30,https://fonts.google.com/specimen/Abel
Abhaya Libre,Serif,Serif,,elegant traditional classic refined literary editorial transitional oldstyle didone english western european extended-latin european sinhala sri-lankan,400 | 500 | 600 | 700 | 800,,latin | latin-ext | sinhala,Mooniak,410,1601,No,2016-08-30,2025-09-16,https://fonts.google.com/specimen/Abhaya+Libre
Aboreto,Display,,Display,bold decorative headline attention-grabbing creative expressive  headline hero decorative large-text attention english western european extended-latin european,400,,latin | latin-ext,Dominik Jáger,485,186,No,2022-05-26,2025-05-30,https://fonts.google.com/specimen/Aboreto
Abril Fatface,Display,Serif,Display,bold decorative headline attention-grabbing creative expressive transitional oldstyle didone headline hero decorative large-text attention english western european extended-latin european well-known common,400,,latin | latin-ext,TypeTogether,161,1860,No,2011-08-31,2025-09-16,https://fonts.google.com/specimen/Abril+Fatface
Abyssinica SIL,Serif,Serif,,elegant traditional classic refined literary editorial transitional oldstyle didone ethiopic amharic english western european extended-latin european,400,,ethiopic | latin | latin-ext,SIL International,1123,788,No,2016-01-20,2025-09-10,https://fonts.google.com/specimen/Abyssinica+SIL
Aclonica,Sans Serif,Sans Serif,Display,clean modern minimal professional readable neutral geometric humanist grotesque headline hero decorative large-text attention english western european extended-latin european,400,,latin | latin-ext,Astigmatic,588,1970,No,2011-04-27,2025-09-08,https://fonts.google.com/specimen/Aclonica
Acme,Sans Serif,Sans Serif,Display,clean modern minimal professional readable neutral geometric humanist grotesque headline hero decorative large-text attention english western european well-known common,400,,latin,Juan Pablo del Peral | Huerta Tipográfica,227,1803,No,2011-12-19,2025-09-16,https://fonts.google.com/specimen/Acme
Actor,Sans Serif,Sans Serif,,clean modern minimal professional readable neutral geometric humanist grotesque english western european well-known common,400,,latin,Thomas Junold,287,1886,No,2011-08-03,2025-09-10,https://fonts.google.com/specimen/Actor
Adamina,Serif,Serif,,elegant traditional classic refined literary editorial transitional oldstyle didone english western european,400,,latin,Cyreal,517,829,No,2011-09-07,2025-09-16,https://fonts.google.com/specimen/Adamina
Advent Pro,Sans Serif,Sans Serif,Display,clean modern minimal professional readable neutral geometric humanist grotesque headline hero decorative large-text attention versatile multi-weight flexible italic variable variable-font responsive variable-weight variable-width russian cyrillic slavic cyrillic extended greek english western european extended-latin european well-known common,100 | 100i | 200 | 200i | 300 | 300i | 400 | 400i | 500 | 500i | 600 | 600i | 700 | 700i | 800 | 800i | 900 | 900i,wdth: - | wght: -,cyrillic | cyrillic-ext | greek | latin | latin-ext,VivaRado,258,2192,No,2012-02-29,2025-09-16,https://fonts.google.com/specimen/Advent+Pro
Afacad,Sans Serif,Sans Serif,,clean modern minimal professional readable neutral geometric humanist grotesque italic variable variable-font responsive variable-weight cyrillic extended english western european extended-latin european vietnamese multilingual international,400 | 400i | 500 | 500i | 600 | 600i | 700 | 700i,wght: -,cyrillic-ext | latin | latin-ext | math | symbols | vietnamese,Kristian Möller | Dicotype,475,1797,No,2023-12-04,2025-09-04,https://fonts.google.com/specimen/Afacad
Afacad Flux,Sans Serif,Sans Serif,,clean modern minimal professional readable neutral geometric humanist grotesque versatile multi-weight flexible variable variable-font responsive variable-weight variable-slant english western european extended-latin european vietnamese,100 | 1000 | 200 | 300 | 400 | 500 | 600 | 700 | 800 | 900,slnt: - | wght: -,latin | latin-ext | vietnamese,Kristian Möller | Dicotype,745,128,No,2024-09-23,2025-09-08,https://fonts.google.com/specimen/Afacad+Flux
Agbalumo,Display,,Display,bold decorative headline attention-grabbing creative expressive  headline hero decorative large-text attention cyrillic extended ethiopic amharic english western european extended-latin european vietnamese,400,,cyrillic-ext | ethiopic | latin | latin-ext | vietnamese,Raphael Alẹ́gbẹ́lẹ́yẹ̀ | Sorkin Type | Eben Sorkin,775,1986,No,2023-10-05,2025-06-25,https://fonts.google.com/specimen/Agbalumo
Agdasima,Sans Serif,Sans Serif,Display,clean modern minimal professional readable neutral geometric humanist grotesque headline hero decorative large-text attention english western european extended-latin european,400 | 700,,latin | latin-ext,The DocRepair Project | Patric King,812,1723,No,2023-04-02,2025-06-02,https://fonts.google.com/specimen/Agdasima
Agu Display,Display,Serif,Display,bold decorative headline attention-grabbing creative expressive transitional oldstyle didone headline hero decorative large-text attention variable variable-font responsive english western european extended-latin european vietnamese,400,MORF: -,latin | latin-ext | vietnamese,Seun Badejo,1582,1604,No,2024-12-09,2025-09-04,https://fonts.google.com/specimen/Agu+Display
Aguafina Script,Handwriting,,Handwriting | Display,personal casual friendly warm handwritten script organic  script cursive hand-drawn artistic informal headline hero decorative large-text attention english western european extended-latin european,400,,latin | latin-ext,Sudtipos,813,205,No,2011-11-30,2025-09-02,https://fonts.google.com/specimen/Aguafina+Script
Akatab,Sans Serif,Sans Serif,,clean modern minimal professional readable neutral geometric humanist grotesque versatile multi-weight flexible english western european extended-latin european,400 | 500 | 600 | 700 | 800 | 900,,latin | latin-ext | tifinagh,SIL International,966,58,No,2023-06-21,2025-09-10,https://fonts.google.com/specimen/Akatab
Akaya Kanadaka,Display,,Display,bold decorative headline attention-grabbing creative expressive  headline hero decorative large-text attention kannada indian english western european extended-latin european,400,,kannada | latin | latin-ext,Vaishnavi Murthy | Juan Luis Blanco,996,72,No,2021-01-14,2025-09-16,https://fonts.google.com/specimen/Akaya+Kanadaka
Akaya Telivigala,Display,,Display,bold decorative headline attention-grabbing creative expressive  headline hero decorative large-text attention english western european extended-latin european telugu indian,400,,latin | latin-ext | telugu,Vaishnavi Murthy | Juan Luis Blanco,1366,1498,No,2016-06-15,2025-09-02,https://fonts.google.com/specimen/Akaya+Telivigala
Akronim,Display,,Display,bold decorative headline attention-grabbing creative expressive  headline hero decorative large-text attention english western european extended-latin european,400,,latin | latin-ext,Grzegorz Klimczewski,1222,693,No,2012-09-23,2025-05-30,https://fonts.google.com/specimen/Akronim
Akshar,Sans Serif,Sans Serif,,clean modern minimal professional readable neutral geometric humanist grotesque variable variable-font responsive variable-weight hindi devanagari indian english western european extended-latin european,300 | 400 | 500 | 600 | 700,wght: -,devanagari | latin | latin-ext,Tall Chai,316,48,No,2022-03-21,2025-09-08,https://fonts.google.com/specimen/Akshar
Aladin,Display,,Display,bold decorative headline attention-grabbing creative expressive  headline hero decorative large-text attention english western european extended-latin european,400,,latin | latin-ext,Sudtipos,988,1299,No,2011-11-30,2025-09-11,https://fonts.google.com/specimen/Aladin
Alan Sans,Sans Serif,Sans Serif,,clean modern minimal professional readable neutral geometric humanist grotesque versatile multi-weight flexible variable variable-font responsive variable-weight english western european extended-latin european,300 | 400 | 500 | 600 | 700 | 800 | 900,wght: -,latin | latin-ext,Raphaël Ronot,1379,1378,No,2025-09-17,2025-11-20,https://fonts.google.com/specimen/Alan+Sans
Alata,Sans Serif,Sans Serif,,clean modern minimal professional readable neutral geometric humanist grotesque english western european extended-latin european vietnamese well-known common,400,,latin | latin-ext | vietnamese,Spyros Zevelakis | Eben Sorkin,262,1520,No,2019-11-08,2025-09-04,https://fonts.google.com/specimen/Alata
Alatsi,Sans Serif,Sans Serif,,clean modern minimal professional readable neutral geometric humanist grotesque cyrillic extended english western european extended-latin european vietnamese,400,,cyrillic-ext | latin | latin-ext | vietnamese,Spyros Zevelakis | Eben Sorkin,635,1838,No,2019-11-07,2025-09-10,https://fonts.google.com/specimen/Alatsi
Albert Sans,Sans Serif,Sans Serif,,clean modern minimal professional readable neutral geometric humanist grotesque versatile multi-weight flexible italic variable variable-font responsive variable-weight english western european extended-latin european well-known common,100 | 100i | 200 | 200i | 300 | 300i | 400 | 400i | 500 | 500i | 600 | 600i | 700 | 700i | 800 | 800i | 900 | 900i,wght: -,latin | latin-ext,Andreas Rasmussen,171,550,No,2022-06-08,2025-09-11,https://fonts.google.com/specimen/Albert+Sans
Aldrich,Sans Serif,Sans Serif,Display,clean modern minimal professional readable neutral geometric humanist grotesque headline hero decorative large-text attention english western european,400,,latin,MADType,620,1641,No,2011-08-17,2025-06-02,https://fonts.google.com/specimen/Aldrich
Alef,Sans Serif,Sans Serif,,clean modern minimal professional readable neutral geometric humanist grotesque hebrew RTL israeli english western european,400 | 700,,hebrew | latin,Hagilda | Mushon Zer-Aviv,522,727,No,2013-05-21,2025-09-04,https://fonts.google.com/specimen/Alef
Alegreya,Serif,Serif,,elegant traditional classic refined literary editorial transitional oldstyle didone versatile multi-weight flexible italic variable variable-font responsive variable-weight russian cyrillic slavic cyrillic extended greek greek extended english western european extended-latin european vietnamese multilingual international well-known common,400 | 400i | 500 | 500i | 600 | 600i | 700 | 700i | 800 | 800i | 900 | 900i,wght: -,cyrillic | cyrillic-ext | greek | greek-ext | latin | latin-ext | vietnamese,Juan Pablo del Peral | Huerta Tipográfica,220,1915,No,2011-12-19,2025-09-08,https://fonts.google.com/specimen/Alegreya
Alegreya SC,Serif,Serif,,elegant traditional classic refined literary editorial transitional oldstyle didone italic russian cyrillic slavic cyrillic extended greek greek extended english western european extended-latin european vietnamese multilingual international,400 | 400i | 500 | 500i | 700 | 700i | 800 | 800i | 900 | 900i,,cyrillic | cyrillic-ext | greek | greek-ext | latin | latin-ext | vietnamese,Juan Pablo del Peral | Huerta Tipográfica,735,1820,No,2011-12-19,2025-09-04,https://fonts.google.com/specimen/Alegreya+SC
Alegreya Sans,Sans Serif,Sans Serif,,clean modern minimal professional readable neutral geometric humanist grotesque versatile multi-weight flexible italic russian cyrillic slavic cyrillic extended greek greek extended english western european extended-latin european vietnamese multilingual international well-known common,100 | 100i | 300 | 300i | 400 | 400i | 500 | 500i | 700 | 700i | 800 | 800i | 900 | 900i,,cyrillic | cyrillic-ext | greek | greek-ext | latin | latin-ext | vietnamese,Juan Pablo del Peral | Huerta Tipográfica,213,1458,No,2013-12-04,2025-09-10,https://fonts.google.com/specimen/Alegreya+Sans
Alegreya Sans SC,Sans Serif,Sans Serif,,clean modern minimal professional readable neutral geometric humanist grotesque versatile multi-weight flexible italic russian cyrillic slavic cyrillic extended greek greek extended english western european extended-latin european vietnamese multilingual international,100 | 100i | 300 | 300i | 400 | 400i | 500 | 500i | 700 | 700i | 800 | 800i | 900 | 900i,,cyrillic | cyrillic-ext | greek | greek-ext | latin | latin-ext | vietnamese,Juan Pablo del Peral | Huerta Tipográfica,527,344,No,2013-12-04,2025-09-16,https://fonts.google.com/specimen/Alegreya+Sans+SC
Aleo,Serif,Slab Serif,,elegant traditional classic refined literary editorial slab mechanical sturdy strong versatile multi-weight flexible italic variable variable-font responsive variable-weight english western european extended-latin european vietnamese well-known common,100 | 100i | 200 | 200i | 300 | 300i | 400 | 400i | 500 | 500i | 600 | 600i | 700 | 700i | 800 | 800i | 900 | 900i,wght: -,latin | latin-ext | vietnamese,Alessio Laiso,285,820,No,2018-12-11,2025-09-16,https://fonts.google.com/specimen/Aleo
Alex Brush,Handwriting,,Handwriting,personal casual friendly warm handwritten script organic  script cursive hand-drawn artistic informal english western european extended-latin european vietnamese,400,,latin | latin-ext | vietnamese,Robert Leuschke,374,1187,No,2011-12-19,2025-09-11,https://fonts.google.com/specimen/Alex+Brush
Alexandria,Sans Serif,Sans Serif,,clean modern minimal professional readable neutral geometric humanist grotesque versatile multi-weight flexible variable variable-font responsive variable-weight arabic RTL middle-east english western european extended-latin european vietnamese,100 | 200 | 300 | 400 | 500 | 600 | 700 | 800 | 900,wght: -,arabic | latin | latin-ext | vietnamese,Mohamed Gaber | Julieta Ulanovsky,341,934,No,2022-11-03,2025-09-04,https://fonts.google.com/specimen/Alexandria
Alfa Slab One,Display,Serif,Display,bold decorative headline attention-grabbing creative expressive transitional oldstyle didone headline hero decorative large-text attention english western european extended-latin european vietnamese popular widely-used,400,,latin | latin-ext | vietnamese,JM Solé,105,615,No,2011-12-19,2025-09-04,https://fonts.google.com/specimen/Alfa+Slab+One
Alice,Serif,Serif,,elegant traditional classic refined literary editorial transitional oldstyle didone russian cyrillic slavic cyrillic extended english western european extended-latin european,400,,cyrillic | cyrillic-ext | latin | latin-ext,Ksenya Erulevich | Cyreal,413,1692,No,2011-08-10,2025-09-08,https://fonts.google.com/specimen/Alice
Alike,Serif,Serif,,elegant traditional classic refined literary editorial transitional oldstyle didone english western european extended-latin european,400,,latin | latin-ext | math | symbols,Sveta Sebyakina | Cyreal,883,1974,No,2011-08-24,2025-09-04,https://fonts.google.com/specimen/Alike
Alike Angular,Serif,Serif,Display,elegant traditional classic refined literary editorial transitional oldstyle didone headline hero decorative large-text attention english western european extended-latin european,400,,latin | latin-ext | math | symbols,Sveta Sebyakina | Cyreal,1027,1528,No,2011-09-28,2025-09-04,https://fonts.google.com/specimen/Alike+Angular
Alkalami,Serif,Serif,,elegant traditional classic refined literary editorial transitional oldstyle didone arabic RTL middle-east english western european extended-latin european,400,,arabic | latin | latin-ext,SIL International,1232,939,No,2022-06-09,2025-09-16,https://fonts.google.com/specimen/Alkalami
Alkatra,Display,,Display,bold decorative headline attention-grabbing creative expressive  headline hero decorative large-text attention variable variable-font responsive variable-weight bengali bangladeshi indian hindi devanagari indian english western european extended-latin european odia oriya indian,400 | 500 | 600 | 700,wght: -,bengali | devanagari | latin | latin-ext | oriya,Suman Bhandary,1197,1951,No,2023-01-27,2025-09-08,https://fonts.google.com/specimen/Alkatra
Allan,Display,Serif,Display,bold decorative headline attention-grabbing creative expressive transitional oldstyle didone headline hero decorative large-text attention english western european extended-latin european,400 | 700,,latin | latin-ext,Anton Koovit,884,837,No,2010-12-15,2025-09-16,https://fonts.google.com/specimen/Allan
Allerta,Sans Serif,Sans Serif,,clean modern minimal professional readable neutral geometric humanist grotesque english western european,400,,latin,Matt McInerney,681,677,No,2010-11-30,2025-09-04,https://fonts.google.com/specimen/Allerta
Allerta Stencil,Sans Serif,Sans Serif,Display,clean modern minimal professional readable neutral geometric humanist grotesque headline hero decorative large-text attention english western european,400,,latin,Matt McInerney,590,1873,No,2010-11-30,2025-09-11,https://fonts.google.com/specimen/Allerta+Stencil
Allison,Handwriting,,Display | Handwriting,personal casual friendly warm handwritten script organic  headline hero decorative large-text attention script cursive hand-drawn artistic informal english western european extended-latin european vietnamese,400,,latin | latin-ext | vietnamese,Robert Leuschke,674,214,No,2021-07-02,2025-09-16,https://fonts.google.com/specimen/Allison
Allkin,Display,,Display,bold decorative headline attention-grabbing creative expressive  headline hero decorative large-text attention,400,,,Monotype Imaging Inc.,1311,9,No,2026-02-18,2026-02-19,https://fonts.google.com/specimen/Allkin
Allura,Handwriting,,Handwriting | Display,personal casual friendly warm handwritten script organic  script cursive hand-drawn artistic informal headline hero decorative large-text attention english western european extended-latin european vietnamese well-known common,400,,latin | latin-ext | vietnamese,Robert Leuschke,271,1629,No,2012-02-08,2025-09-02,https://fonts.google.com/specimen/Allura
Almarai,Sans Serif,Sans Serif,,clean modern minimal professional readable neutral geometric humanist grotesque arabic RTL middle-east english western european popular widely-used,300 | 400 | 700 | 800,,arabic | latin,Boutros Fonts | Mourad Boutros,132,208,No,2019-06-04,2025-09-02,https://fonts.google.com/specimen/Almarai
Almendra,Serif,Serif,Display,elegant traditional classic refined literary editorial transitional oldstyle didone headline hero decorative large-text attention italic english western european extended-latin european,400 | 400i | 700 | 700i,,latin | latin-ext,Ana Sanfelippo,909,238,No,2011-12-19,2025-09-04,https://fonts.google.com/specimen/Almendra
Almendra Display,Display,Serif,Display,bold decorative headline attention-grabbing creative expressive transitional oldstyle didone headline hero decorative large-text attention english western european extended-latin european,400,,latin | latin-ext,Ana Sanfelippo,1427,1901,No,2012-11-12,2025-09-04,https://fonts.google.com/specimen/Almendra+Display
Almendra SC,Serif,Serif,Display,elegant traditional classic refined literary editorial transitional oldstyle didone headline hero decorative large-text attention english western european,400,,latin,Ana Sanfelippo,1378,1475,No,2011-12-19,2025-09-10,https://fonts.google.com/specimen/Almendra+SC
Alumni Sans,Sans Serif,Sans Serif,Display,clean modern minimal professional readable neutral geometric humanist grotesque headline hero decorative large-text attention versatile multi-weight flexible italic variable variable-font responsive variable-weight russian cyrillic slavic cyrillic extended english western european extended-latin european vietnamese well-known common,100 | 100i | 200 | 200i | 300 | 300i | 400 | 400i | 500 | 500i | 600 | 600i | 700 | 700i | 800 | 800i | 900 | 900i,wght: -,cyrillic | cyrillic-ext | latin | latin-ext | vietnamese,Robert Leuschke,228,234,No,2021-06-19,2025-09-02,https://fonts.google.com/specimen/Alumni+Sans
Alumni Sans Collegiate One,Sans Serif,Sans Serif,Display,clean modern minimal professional readable neutral geometric humanist grotesque headline hero decorative large-text attention italic russian cyrillic slavic english western european extended-latin european vietnamese,400 | 400i,,cyrillic | latin | latin-ext | vietnamese,Robert Leuschke,1469,352,No,2022-04-09,2025-09-16,https://fonts.google.com/specimen/Alumni+Sans+Collegiate+One
Alumni Sans Inline One,Display,Sans Serif,Display,bold decorative headline attention-grabbing creative expressive geometric humanist grotesque headline hero decorative large-text attention italic english western european extended-latin european vietnamese,400 | 400i,,latin | latin-ext | vietnamese,Robert Leuschke,1648,2243,No,2022-02-24,2025-09-04,https://fonts.google.com/specimen/Alumni+Sans+Inline+One
Alumni Sans Pinstripe,Sans Serif,Sans Serif,Display,clean modern minimal professional readable neutral geometric humanist grotesque headline hero decorative large-text attention italic russian cyrillic slavic cyrillic extended english western european extended-latin european vietnamese,400 | 400i,,cyrillic | cyrillic-ext | latin | latin-ext | vietnamese,Robert Leuschke,1471,1835,No,2022-06-08,2025-09-16,https://fonts.google.com/specimen/Alumni+Sans+Pinstripe
Alumni Sans SC,Sans Serif,Sans Serif,Display,clean modern minimal professional readable neutral geometric humanist grotesque headline hero decorative large-text attention versatile multi-weight flexible italic variable variable-font responsive variable-weight russian cyrillic slavic cyrillic extended english western european extended-latin european vietnamese,100 | 100i | 200 | 200i | 300 | 300i | 400 | 400i | 500 | 500i | 600 | 600i | 700 | 700i | 800 | 800i | 900 | 900i,wght: -,cyrillic | cyrillic-ext | latin | latin-ext | vietnamese,Robert Leuschke,1715,316,No,2025-05-28,2025-09-08,https://fonts.google.com/specimen/Alumni+Sans+SC
Alyamama,Serif,Serif,,elegant traditional classic refined literary editorial transitional oldstyle didone versatile multi-weight flexible variable variable-font responsive variable-weight arabic RTL middle-east greek english western european extended-latin european,300 | 400 | 500 | 600 | 700 | 800 | 900,wght: -,arabic | greek | latin | latin-ext,Yazeed Omar,1730,40,No,2026-02-18,2026-02-19,https://fonts.google.com/specimen/Alyamama
Amarante,Display,Serif,Display,bold decorative headline attention-grabbing creative expressive transitional oldstyle didone headline hero decorative large-text attention english western european extended-latin european,400,,latin | latin-ext,Karolina Lach,857,1824,No,2012-07-10,2025-09-11,https://fonts.google.com/specimen/Amarante
Amaranth,Sans Serif,Sans Serif,,clean modern minimal professional readable neutral geometric humanist grotesque italic english western european,400 | 400i | 700 | 700i,,latin,Gesine Todt,344,1535,No,2011-05-04,2025-09-04,https://fonts.google.com/specimen/Amaranth
Amarna,Sans Serif,Sans Serif,,clean modern minimal professional readable neutral geometric humanist grotesque versatile multi-weight flexible italic variable variable-font responsive variable-weight english western european extended-latin european,100 | 100i | 200 | 200i | 300 | 300i | 400 | 400i | 500 | 500i | 600 | 600i | 700 | 700i,wght: -,latin | latin-ext,Ishtār van Looy,1895,762,No,2025-12-08,2026-02-26,https://fonts.google.com/specimen/Amarna
Amatic SC,Handwriting,Sans Serif,Display,personal casual friendly warm handwritten script organic geometric humanist grotesque headline hero decorative large-text attention russian cyrillic slavic hebrew RTL israeli english western european extended-latin european vietnamese well-known common,400 | 700,,cyrillic | hebrew | latin | latin-ext | vietnamese,Vernon Adams | Ben Nathan | Thomas Jockin,226,1725,No,2011-10-12,2025-09-16,https://fonts.google.com/specimen/Amatic+SC
Amethysta,Serif,Serif,,elegant traditional classic refined literary editorial transitional oldstyle didone english western european,400,,latin,Cyreal,1063,1457,No,2012-01-18,2025-09-10,https://fonts.google.com/specimen/Amethysta
Amiko,Sans Serif,Sans Serif,,clean modern minimal professional readable neutral geometric humanist grotesque hindi devanagari indian english western european extended-latin european,400 | 600 | 700,,devanagari | latin | latin-ext,Impallari Type,697,1966,No,2016-03-01,2025-09-16,https://fonts.google.com/specimen/Amiko
Amiri,Serif,Serif,,elegant traditional classic refined literary editorial transitional oldstyle didone italic arabic RTL middle-east english western european extended-latin european well-known common,400 | 400i | 700 | 700i,,arabic | latin | latin-ext,Khaled Hosny | Sebastian Kosch,200,270,No,2012-07-30,2025-08-26,https://fonts.google.com/specimen/Amiri
Amiri Quran,Serif,Serif,,elegant traditional classic refined literary editorial transitional oldstyle didone arabic RTL middle-east english western european,400,,arabic | latin,Khaled Hosny | Sebastian Kosch,1344,141,No,2022-08-10,2025-08-26,https://fonts.google.com/specimen/Amiri+Quran
Amita,Handwriting,Serif,Display,personal casual friendly warm handwritten script organic transitional oldstyle didone headline hero decorative large-text attention hindi devanagari indian english western european extended-latin european,400 | 700,,devanagari | latin | latin-ext,Eduardo Tunni | Brian Bonislawsky,388,1302,No,2015-05-20,2025-09-11,https://fonts.google.com/specimen/Amita
Anaheim,Sans Serif,Sans Serif,,clean modern minimal professional readable neutral geometric humanist grotesque variable variable-font responsive variable-weight english western european extended-latin european vietnamese,400 | 500 | 600 | 700 | 800,wght: -,latin | latin-ext | vietnamese,Vernon Adams,1083,2157,No,2012-10-31,2025-09-04,https://fonts.google.com/specimen/Anaheim
Ancizar Sans,Sans Serif,Sans Serif,,clean modern minimal professional readable neutral geometric humanist grotesque versatile multi-weight flexible italic variable variable-font responsive variable-weight greek english western european extended-latin european,100 | 1000 | 1000i | 100i | 200 | 200i | 300 | 300i | 400 | 400i | 500 | 500i | 600 | 600i | 700 | 700i | 800 | 800i | 900 | 900i,wght: -,greek | latin | latin-ext,Universidad Nacional de Colombia (UNAL) | César Puertas | Viviana Monsalve | Julián Moncada,1607,2169,No,2025-05-08,2025-09-11,https://fonts.google.com/specimen/Ancizar+Sans
Ancizar Serif,Serif,Serif,,elegant traditional classic refined literary editorial transitional oldstyle didone versatile multi-weight flexible italic variable variable-font responsive variable-weight greek english western european extended-latin european,300 | 300i | 400 | 400i | 500 | 500i | 600 | 600i | 700 | 700i | 800 | 800i | 900 | 900i,wght: -,greek | latin | latin-ext,Universidad Nacional de Colombia (UNAL) | César Puertas | Viviana Monsalve | Julián Moncada,1595,215,No,2025-05-08,2025-09-16,https://fonts.google.com/specimen/Ancizar+Serif
Andada Pro,Serif,Serif,,elegant traditional classic refined literary editorial transitional oldstyle didone italic variable variable-font responsive variable-weight english western european extended-latin european vietnamese well-known common,400 | 400i | 500 | 500i | 600 | 600i | 700 | 700i | 800 | 800i,wght: -,latin | latin-ext | vietnamese,Huerta Tipográfica | Carolina Giovagnoli,273,686,No,2021-05-19,2025-09-10,https://fonts.google.com/specimen/Andada+Pro
Andika,Sans Serif,Sans Serif,,clean modern minimal professional readable neutral geometric humanist grotesque italic russian cyrillic slavic cyrillic extended english western european extended-latin european vietnamese,400 | 400i | 700 | 700i,,cyrillic | cyrillic-ext | latin | latin-ext | vietnamese,SIL International,409,932,No,2011-08-10,2025-09-10,https://fonts.google.com/specimen/Andika
Anek Bangla,Sans Serif,Sans Serif,,clean modern minimal professional readable neutral geometric humanist grotesque versatile multi-weight flexible variable variable-font responsive variable-weight variable-width bengali bangladeshi indian english western european extended-latin european,100 | 200 | 300 | 400 | 500 | 600 | 700 | 800,wdth: - | wght: -,bengali | latin | latin-ext,Ek Type,332,45,No,2022-02-08,2025-09-16,https://fonts.google.com/specimen/Anek+Bangla
Anek Devanagari,Sans Serif,Sans Serif,,clean modern minimal professional readable neutral geometric humanist grotesque versatile multi-weight flexible variable variable-font responsive variable-weight variable-width hindi devanagari indian english western european extended-latin european,100 | 200 | 300 | 400 | 500 | 600 | 700 | 800,wdth: - | wght: -,devanagari | latin | latin-ext,Ek Type,509,28,No,2022-02-08,2025-09-16,https://fonts.google.com/specimen/Anek+Devanagari
Anek Gujarati,Sans Serif,Sans Serif,,clean modern minimal professional readable neutral geometric humanist grotesque versatile multi-weight flexible variable variable-font responsive variable-weight variable-width gujarati indian english western european extended-latin european,100 | 200 | 300 | 400 | 500 | 600 | 700 | 800,wdth: - | wght: -,gujarati | latin | latin-ext,Ek Type,1240,235,No,2022-02-08,2025-09-11,https://fonts.google.com/specimen/Anek+Gujarati
Anek Gurmukhi,Sans Serif,Sans Serif,,clean modern minimal professional readable neutral geometric humanist grotesque versatile multi-weight flexible variable variable-font responsive variable-weight variable-width punjabi gurmukhi indian english western european extended-latin european,100 | 200 | 300 | 400 | 500 | 600 | 700 | 800,wdth: - | wght: -,gurmukhi | latin | latin-ext,Ek Type,1523,1696,No,2022-02-15,2025-09-04,https://fonts.google.com/specimen/Anek+Gurmukhi
Anek Kannada,Sans Serif,Sans Serif,,clean modern minimal professional readable neutral geometric humanist grotesque versatile multi-weight flexible variable variable-font responsive variable-weight variable-width kannada indian english western european extended-latin european,100 | 200 | 300 | 400 | 500 | 600 | 700 | 800,wdth: - | wght: -,kannada | latin | latin-ext,Ek Type,1343,793,No,2022-02-15,2025-09-11,https://fonts.google.com/specimen/Anek+Kannada
Anek Latin,Sans Serif,Sans Serif,,clean modern minimal professional readable neutral geometric humanist grotesque versatile multi-weight flexible variable variable-font responsive variable-weight variable-width english western european extended-latin european vietnamese,100 | 200 | 300 | 400 | 500 | 600 | 700 | 800,wdth: - | wght: -,latin | latin-ext | vietnamese,Ek Type,630,1713,No,2022-02-15,2025-09-16,https://fonts.google.com/specimen/Anek+Latin
Anek Malayalam,Sans Serif,Sans Serif,,clean modern minimal professional readable neutral geometric humanist grotesque versatile multi-weight flexible variable variable-font responsive variable-weight variable-width english western european extended-latin european malayalam indian,100 | 200 | 300 | 400 | 500 | 600 | 700 | 800,wdth: - | wght: -,latin | latin-ext | malayalam,Ek Type,986,1745,No,2022-02-15,2025-09-16,https://fonts.google.com/specimen/Anek+Malayalam
Anek Odia,Sans Serif,Sans Serif,,clean modern minimal professional readable neutral geometric humanist grotesque versatile multi-weight flexible variable variable-font responsive variable-weight variable-width english western european extended-latin european odia oriya indian,100 | 200 | 300 | 400 | 500 | 600 | 700 | 800,wdth: - | wght: -,latin | latin-ext | oriya,Ek Type,1519,782,No,2022-02-08,2025-09-11,https://fonts.google.com/specimen/Anek+Odia
Anek Tamil,Sans Serif,Sans Serif,,clean modern minimal professional readable neutral geometric humanist grotesque versatile multi-weight flexible variable variable-font responsive variable-weight variable-width english western european extended-latin european tamil indian,100 | 200 | 300 | 400 | 500 | 600 | 700 | 800,wdth: - | wght: -,latin | latin-ext | tamil,Ek Type,1147,713,No,2022-02-08,2025-09-16,https://fonts.google.com/specimen/Anek+Tamil
Anek Telugu,Sans Serif,Sans Serif,,clean modern minimal professional readable neutral geometric humanist grotesque versatile multi-weight flexible variable variable-font responsive variable-weight variable-width english western european extended-latin european telugu indian popular widely-used,100 | 200 | 300 | 400 | 500 | 600 | 700 | 800,wdth: - | wght: -,latin | latin-ext | telugu,Ek Type,103,1009,No,2022-02-15,2025-09-08,https://fonts.google.com/specimen/Anek+Telugu
Angkor,Display,Serif,Display,bold decorative headline attention-grabbing creative expressive transitional oldstyle didone headline hero decorative large-text attention khmer cambodian english western european,400,,khmer | latin,Danh Hong,1088,505,No,2011-03-02,2025-09-08,https://fonts.google.com/specimen/Angkor
Annapurna SIL,Serif,Serif,,elegant traditional classic refined literary editorial transitional oldstyle didone hindi devanagari indian english western european extended-latin european,400 | 700,,devanagari | latin | latin-ext | math | symbols,SIL International,1602,781,No,2024-02-14,2025-05-30,https://fonts.google.com/specimen/Annapurna+SIL
Annie Use Your Telescope,Handwriting,,Handwriting,personal casual friendly warm handwritten script organic  script cursive hand-drawn artistic informal english western european extended-latin european,400,,latin | latin-ext,Kimberly Geswein,675,1129,No,2011-04-14,2025-09-10,https://fonts.google.com/specimen/Annie+Use+Your+Telescope
Anonymous Pro,Monospace,,Monospace,code developer technical fixed-width terminal programming  mono fixed-width tabular data code italic russian cyrillic slavic greek english western european extended-latin european,400 | 400i | 700 | 700i,,cyrillic | greek | latin | latin-ext,Mark Simonson,435,1374,No,2010-12-15,2025-09-08,https://fonts.google.com/specimen/Anonymous+Pro
Anta,Sans Serif,Sans Serif,,clean modern minimal professional readable neutral geometric humanist grotesque english western european extended-latin european,400,,latin | latin-ext | math | symbols,Sergej Lebedev,1202,1897,No,2024-02-14,2025-05-30,https://fonts.google.com/specimen/Anta
Antic,Sans Serif,Sans Serif,,clean modern minimal professional readable neutral geometric humanist grotesque english western european,400,,latin,Santiago Orozco,710,1518,No,2011-08-31,2025-09-04,https://fonts.google.com/specimen/Antic
Antic Didone,Serif,Serif,,elegant traditional classic refined literary editorial transitional oldstyle didone english western european,400,,latin,Santiago Orozco,713,1229,No,2012-03-14,2025-09-04,https://fonts.google.com/specimen/Antic+Didone
Antic Slab,Serif,Serif,,elegant traditional classic refined literary editorial transitional oldstyle didone english western european well-known common,400,,latin,Santiago Orozco,233,744,No,2012-03-14,2025-09-10,https://fonts.google.com/specimen/Antic+Slab
Anton,Sans Serif,Sans Serif,Display,clean modern minimal professional readable neutral geometric humanist grotesque headline hero decorative large-text attention english western european extended-latin european vietnamese popular widely-used,400,,latin | latin-ext | vietnamese,Vernon Adams,89,1376,No,2011-02-23,2025-09-16,https://fonts.google.com/specimen/Anton
Anton SC,Sans Serif,Sans Serif,Display,clean modern minimal professional readable neutral geometric humanist grotesque headline hero decorative large-text attention english western european extended-latin european vietnamese,400,,latin | latin-ext | vietnamese,Vernon Adams,788,566,No,2024-06-25,2025-05-30,https://fonts.google.com/specimen/Anton+SC
Antonio,Sans Serif,Sans Serif,Display,clean modern minimal professional readable neutral geometric humanist grotesque headline hero decorative large-text attention versatile multi-weight flexible variable variable-font responsive variable-weight english western european extended-latin european,100 | 200 | 300 | 400 | 500 | 600 | 700,wght: -,latin | latin-ext,Vernon Adams,340,463,No,2013-03-05,2025-09-04,https://fonts.google.com/specimen/Antonio
Anuphan,Sans Serif,Sans Serif,,clean modern minimal professional readable neutral geometric humanist grotesque versatile multi-weight flexible variable variable-font responsive variable-weight english western european extended-latin european thai southeast-asia vietnamese,100 | 200 | 300 | 400 | 500 | 600 | 700,wght: -,latin | latin-ext | thai | vietnamese,Cadson Demak,628,2246,No,2023-02-22,2025-09-10,https://fonts.google.com/specimen/Anuphan
Anybody,Display,Sans Serif,Display,bold decorative headline attention-grabbing creative expressive geometric humanist grotesque headline hero decorative large-text attention versatile multi-weight flexible italic variable variable-font responsive variable-weight variable-width english western european extended-latin european vietnamese,100 | 100i | 200 | 200i | 300 | 300i | 400 | 400i | 500 | 500i | 600 | 600i | 700 | 700i | 800 | 800i | 900 | 900i,wdth: - | wght: -,latin | latin-ext | vietnamese,Tyler Finck,916,1933,No,2022-03-02,2025-09-16,https://fonts.google.com/specimen/Anybody
Aoboshi One,Serif,Serif,,elegant traditional classic refined literary editorial transitional oldstyle didone japanese kanji hiragana katakana english western european extended-latin european,400,,japanese | latin | latin-ext,Natsumi Matsuba,1084,584,No,2023-05-23,2025-09-11,https://fonts.google.com/specimen/Aoboshi+One
Arapey,Serif,Serif,,elegant traditional classic refined literary editorial transitional oldstyle didone italic english western european,400 | 400i,,latin,Eduardo Tunni,480,947,No,2011-11-02,2025-09-02,https://fonts.google.com/specimen/Arapey
Arbutus,Serif,Slab Serif,Display,elegant traditional classic refined literary editorial slab mechanical sturdy strong headline hero decorative large-text attention english western european extended-latin european,400,,latin | latin-ext,Karolina Lach,1400,162,No,2011-12-07,2025-09-11,https://fonts.google.com/specimen/Arbutus
Arbutus Slab,Serif,Serif,,elegant traditional classic refined literary editorial transitional oldstyle didone english western european extended-latin european,400,,latin | latin-ext,Karolina Lach,553,765,No,2012-09-18,2025-09-11,https://fonts.google.com/specimen/Arbutus+Slab
Architects Daughter,Handwriting,,Handwriting,personal casual friendly warm handwritten script organic  script cursive hand-drawn artistic informal english western european extended-latin european,400,,latin | latin-ext,Kimberly Geswein,330,469,No,2011-03-09,2025-09-16,https://fonts.google.com/specimen/Architects+Daughter
Archivo,Sans Serif,Sans Serif,,clean modern minimal professional readable neutral geometric humanist grotesque versatile multi-weight flexible italic variable variable-font responsive variable-weight variable-width english western european extended-latin european vietnamese top-popular trending most-used,100 | 100i | 200 | 200i | 300 | 300i | 400 | 400i | 500 | 500i | 600 | 600i | 700 | 700i | 800 | 800i | 900 | 900i,wdth: - | wght: -,latin | latin-ext | vietnamese,Omnibus-Type,35,242,No,2016-12-03,2025-09-08,https://fonts.google.com/specimen/Archivo
Archivo Black,Sans Serif,Sans Serif,Display,clean modern minimal professional readable neutral geometric humanist grotesque headline hero decorative large-text attention english western european extended-latin european top-popular trending most-used,400,,latin | latin-ext,Omnibus-Type,46,567,No,2012-09-18,2025-09-11,https://fonts.google.com/specimen/Archivo+Black
Archivo Narrow,Sans Serif,Sans Serif,,clean modern minimal professional readable neutral geometric humanist grotesque italic variable variable-font responsive variable-weight english western european extended-latin european vietnamese well-known common,400 | 400i | 500 | 500i | 600 | 600i | 700 | 700i,wght: -,latin | latin-ext | vietnamese,Omnibus-Type,170,854,No,2012-09-18,2025-09-11,https://fonts.google.com/specimen/Archivo+Narrow
Are You Serious,Handwriting,,Display | Handwriting,personal casual friendly warm handwritten script organic  headline hero decorative large-text attention script cursive hand-drawn artistic informal english western european extended-latin european vietnamese,400,,latin | latin-ext | vietnamese,Robert Leuschke,1650,1350,No,2021-08-27,2025-09-16,https://fonts.google.com/specimen/Are+You+Serious
Aref Ruqaa,Serif,Serif,,elegant traditional classic refined literary editorial transitional oldstyle didone arabic RTL middle-east english western european extended-latin european,400 | 700,,arabic | latin | latin-ext,Abdullah Aref | Khaled Hosny | Hermann Zapf,957,1750,No,2016-06-20,2025-09-11,https://fonts.google.com/specimen/Aref+Ruqaa
Aref Ruqaa Ink,Serif,Serif,Display,elegant traditional classic refined literary editorial transitional oldstyle didone headline hero decorative large-text attention arabic RTL middle-east english western european extended-latin european,400 | 700,,arabic | latin | latin-ext,Abdullah Aref | Khaled Hosny | Hermann Zapf,1573,1176,No,2022-02-26,2025-05-30,https://fonts.google.com/specimen/Aref+Ruqaa+Ink
Arima,Display,,Display,bold decorative headline attention-grabbing creative expressive  headline hero decorative large-text attention versatile multi-weight flexible variable variable-font responsive variable-weight greek greek extended english western european extended-latin european malayalam indian tamil indian vietnamese multilingual international,100 | 200 | 300 | 400 | 500 | 600 | 700,wght: -,greek | greek-ext | latin | latin-ext | malayalam | tamil | vietnamese,Natanael Gama | Joana Correia | Rosalie Wagner,958,56,No,2022-05-24,2025-09-10,https://fonts.google.com/specimen/Arima
Arimo,Sans Serif,Sans Serif,,clean modern minimal professional readable neutral geometric humanist grotesque italic variable variable-font responsive variable-weight russian cyrillic slavic cyrillic extended greek greek extended hebrew RTL israeli english western european extended-latin european vietnamese multilingual international top-popular trending most-used,400 | 400i | 500 | 500i | 600 | 600i | 700 | 700i,wght: -,cyrillic | cyrillic-ext | greek | greek-ext | hebrew | latin | latin-ext | vietnamese,Steve Matteson,17,1241,No,2010-11-18,2025-09-08,https://fonts.google.com/specimen/Arimo
Arizonia,Handwriting,,Display | Handwriting,personal casual friendly warm handwritten script organic  headline hero decorative large-text attention script cursive hand-drawn artistic informal english western european extended-latin european vietnamese,400,,latin | latin-ext | vietnamese,Robert Leuschke,695,897,No,2011-12-19,2025-09-11,https://fonts.google.com/specimen/Arizonia
Armata,Sans Serif,Sans Serif,,clean modern minimal professional readable neutral geometric humanist grotesque english western european extended-latin european,400,,latin | latin-ext,Viktoriya Grabowska,565,1343,No,2011-12-19,2025-09-11,https://fonts.google.com/specimen/Armata
Arsenal,Sans Serif,Sans Serif,,clean modern minimal professional readable neutral geometric humanist grotesque italic russian cyrillic slavic cyrillic extended english western european extended-latin european vietnamese,400 | 400i | 700 | 700i,,cyrillic | cyrillic-ext | latin | latin-ext | vietnamese,Andrij Shevchenko,418,1230,No,2016-12-06,2025-09-16,https://fonts.google.com/specimen/Arsenal
Arsenal SC,Sans Serif,Sans Serif,,clean modern minimal professional readable neutral geometric humanist grotesque italic russian cyrillic slavic cyrillic extended english western european extended-latin european vietnamese,400 | 400i | 700 | 700i,,cyrillic | cyrillic-ext | latin | latin-ext | vietnamese,Andrij Shevchenko,1578,375,No,2024-06-25,2025-05-30,https://fonts.google.com/specimen/Arsenal+SC
Artifika,Serif,Serif,,elegant traditional classic refined literary editorial transitional oldstyle didone english western european,400,,latin,Cyreal,1049,1866,No,2011-06-01,2025-09-16,https://fonts.google.com/specimen/Artifika
Arvo,Serif,Slab Serif,,elegant traditional classic refined literary editorial slab mechanical sturdy strong italic english western european popular widely-used,400 | 400i | 700 | 700i,,latin,Anton Koovit,125,573,No,2010-11-17,2025-06-02,https://fonts.google.com/specimen/Arvo
Arya,Sans Serif,Sans Serif,,clean modern minimal professional readable neutral geometric humanist grotesque hindi devanagari indian english western european extended-latin european,400 | 700,,devanagari | latin | latin-ext,Eduardo Tunni,843,71,No,2015-05-20,2025-09-02,https://fonts.google.com/specimen/Arya
Asap,Sans Serif,Sans Serif,,clean modern minimal professional readable neutral geometric humanist grotesque versatile multi-weight flexible italic variable variable-font responsive variable-weight variable-width english western european extended-latin european vietnamese well-known common,100 | 100i | 200 | 200i | 300 | 300i | 400 | 400i | 500 | 500i | 600 | 600i | 700 | 700i | 800 | 800i | 900 | 900i,wdth: - | wght: -,latin | latin-ext | vietnamese,Omnibus-Type,152,1005,No,2012-01-25,2025-09-04,https://fonts.google.com/specimen/Asap
Asap Condensed,Sans Serif,Sans Serif,,clean modern minimal professional readable neutral geometric humanist grotesque versatile multi-weight flexible italic english western european extended-latin european vietnamese,200 | 200i | 300 | 300i | 400 | 400i | 500 | 500i | 600 | 600i | 700 | 700i | 800 | 800i | 900 | 900i,,latin | latin-ext | vietnamese,Omnibus-Type,328,1525,No,2017-07-31,2025-09-02,https://fonts.google.com/specimen/Asap+Condensed
Asar,Serif,Serif,,elegant traditional classic refined literary editorial transitional oldstyle didone hindi devanagari indian english western european extended-latin european,400,,devanagari | latin | latin-ext,Sorkin Type,1058,1728,No,2015-06-17,2025-09-04,https://fonts.google.com/specimen/Asar
Asimovian,Sans Serif,Sans Serif,Display,clean modern minimal professional readable neutral geometric humanist grotesque headline hero decorative large-text attention english western european extended-latin european vietnamese,400,,latin | latin-ext | vietnamese,Carolina Short,1754,518,No,2025-08-25,2025-08-26,https://fonts.google.com/specimen/Asimovian
Asset,Display,Serif,Display,bold decorative headline attention-grabbing creative expressive transitional oldstyle didone headline hero decorative large-text attention cyrillic extended english western european extended-latin european,400,,cyrillic-ext | latin | latin-ext | math | symbols,Riccardo De Franceschi | Eben Sorkin,1159,1359,No,2011-06-29,2025-09-08,https://fonts.google.com/specimen/Asset
Assistant,Sans Serif,Sans Serif,,clean modern minimal professional readable neutral geometric humanist grotesque versatile multi-weight flexible variable variable-font responsive variable-weight hebrew RTL israeli english western european extended-latin european popular widely-used,200 | 300 | 400 | 500 | 600 | 700 | 800,wght: -,hebrew | latin | latin-ext,Adobe Systems Inc. | Ben Nathan,99,1222,No,2016-03-31,2025-09-08,https://fonts.google.com/specimen/Assistant
Asta Sans,Sans Serif,Sans Serif,,clean modern minimal professional readable neutral geometric humanist grotesque versatile multi-weight flexible variable variable-font responsive variable-weight korean hangul english western european,300 | 400 | 500 | 600 | 700 | 800,wght: -,korean | latin,42dot,1291,170,No,2025-05-28,2025-09-08,https://fonts.google.com/specimen/Asta+Sans
Astloch,Display,,Display,bold decorative headline attention-grabbing creative expressive  headline hero decorative large-text attention english western european,400 | 700,,latin,Dan Rhatigan,1196,883,No,2011-02-16,2025-09-16,https://fonts.google.com/specimen/Astloch
Asul,Serif,Serif,Display,elegant traditional classic refined literary editorial transitional oldstyle didone headline hero decorative large-text attention english western european,400 | 700,,latin,Mariela Monsalve,913,1265,No,2011-12-19,2025-06-25,https://fonts.google.com/specimen/Asul
Athiti,Sans Serif,Sans Serif,,clean modern minimal professional readable neutral geometric humanist grotesque versatile multi-weight flexible english western european extended-latin european thai southeast-asia vietnamese,200 | 300 | 400 | 500 | 600 | 700,,latin | latin-ext | thai | vietnamese,Cadson Demak,589,290,No,2016-06-15,2025-09-04,https://fonts.google.com/specimen/Athiti
Atkinson Hyperlegible,Sans Serif,Sans Serif,,clean modern minimal professional readable neutral geometric humanist grotesque italic english western european extended-latin european well-known common,400 | 400i | 700 | 700i,,latin | latin-ext,Braille Institute | Applied Design Works | Elliott Scott | Megan Eiswerth | Linus Boman | Theodore Petrosky,230,1689,No,2021-04-30,2025-09-04,https://fonts.google.com/specimen/Atkinson+Hyperlegible
Atkinson Hyperlegible Mono,Sans Serif,Sans Serif,,clean modern minimal professional readable neutral geometric humanist grotesque versatile multi-weight flexible italic variable variable-font responsive variable-weight english western european extended-latin european,200 | 200i | 300 | 300i | 400 | 400i | 500 | 500i | 600 | 600i | 700 | 700i | 800 | 800i,wght: -,latin | latin-ext,Braille Institute | Applied Design Works | Elliott Scott | Megan Eiswerth | Letters From Sweden,1601,1742,No,2024-11-19,2025-09-16,https://fonts.google.com/specimen/Atkinson+Hyperlegible+Mono
Atkinson Hyperlegible Next,Sans Serif,Sans Serif,,clean modern minimal professional readable neutral geometric humanist grotesque versatile multi-weight flexible italic variable variable-font responsive variable-weight english western european extended-latin european,200 | 200i | 300 | 300i | 400 | 400i | 500 | 500i | 600 | 600i | 700 | 700i | 800 | 800i,wght: -,latin | latin-ext,Braille Institute | Applied Design Works | Elliott Scott | Megan Eiswerth | Letters From Sweden,528,1189,No,2025-01-06,2025-09-04,https://fonts.google.com/specimen/Atkinson+Hyperlegible+Next
Atma,Display,,Display,bold decorative headline attention-grabbing creative expressive  headline hero decorative large-text attention bengali bangladeshi indian english western european extended-latin european,300 | 400 | 500 | 600 | 700,,bengali | latin | latin-ext,Black Foundry,392,24,No,2016-06-15,2025-09-16,https://fonts.google.com/specimen/Atma
Atomic Age,Display,,Display,bold decorative headline attention-grabbing creative expressive  headline hero decorative large-text attention english western european extended-latin european,400,,latin | latin-ext,James Grieshaber,1329,2266,No,2011-10-26,2025-09-10,https://fonts.google.com/specimen/Atomic+Age
Aubrey,Display,,Display,bold decorative headline attention-grabbing creative expressive  headline hero decorative large-text attention english western european,400,,latin,Cyreal,1697,2034,No,2011-07-27,2025-09-11,https://fonts.google.com/specimen/Aubrey
Audiowide,Display,Sans Serif,Display,bold decorative headline attention-grabbing creative expressive geometric humanist grotesque headline hero decorative large-text attention english western european extended-latin european,400,,latin | latin-ext,Astigmatic,326,455,No,2012-04-04,2025-09-16,https://fonts.google.com/specimen/Audiowide
Autour One,Display,,Display,bold decorative headline attention-grabbing creative expressive  headline hero decorative large-text attention english western european extended-latin european,400,,latin | latin-ext,Sorkin Type,1449,2143,No,2012-05-15,2025-09-11,https://fonts.google.com/specimen/Autour+One
Average,Serif,Serif,,elegant traditional classic refined literary editorial transitional oldstyle didone english western european extended-latin european,400,,latin | latin-ext,Eduardo Tunni,820,1743,No,2012-03-14,2025-09-04,https://fonts.google.com/specimen/Average
Average Sans,Sans Serif,Sans Serif,,clean modern minimal professional readable neutral geometric humanist grotesque english western european extended-latin european,400,,latin | latin-ext,Eduardo Tunni,672,445,No,2012-10-26,2025-09-10,https://fonts.google.com/specimen/Average+Sans
Averia Gruesa Libre,Display,,Display,bold decorative headline attention-grabbing creative expressive  headline hero decorative large-text attention english western european extended-latin european,400,,latin | latin-ext,Dan Sayers,1044,2080,No,2012-03-14,2025-05-30,https://fonts.google.com/specimen/Averia+Gruesa+Libre
Averia Libre,Display,,Display,bold decorative headline attention-grabbing creative expressive  headline hero decorative large-text attention italic english western european,300 | 300i | 400 | 400i | 700 | 700i,,latin,Dan Sayers,593,628,No,2012-03-14,2025-05-30,https://fonts.google.com/specimen/Averia+Libre
Averia Sans Libre,Display,Sans Serif,Display,bold decorative headline attention-grabbing creative expressive geometric humanist grotesque headline hero decorative large-text attention italic english western european,300 | 300i | 400 | 400i | 700 | 700i,,latin,Dan Sayers,764,35,No,2012-03-14,2025-06-02,https://fonts.google.com/specimen/Averia+Sans+Libre
Averia Serif Libre,Display,Serif,Display,bold decorative headline attention-grabbing creative expressive transitional oldstyle didone headline hero decorative large-text attention italic english western european,300 | 300i | 400 | 400i | 700 | 700i,,latin,Dan Sayers,484,340,No,2012-03-14,2025-06-02,https://fonts.google.com/specimen/Averia+Serif+Libre
Azeret Mono,Monospace,,Monospace,code developer technical fixed-width terminal programming  mono fixed-width tabular data code versatile multi-weight flexible italic variable variable-font responsive variable-weight english western european extended-latin european,100 | 100i | 200 | 200i | 300 | 300i | 400 | 400i | 500 | 500i | 600 | 600i | 700 | 700i | 800 | 800i | 900 | 900i,wght: -,latin | latin-ext,Displaay | Martin Vácha,748,1909,No,2021-06-08,2025-09-04,https://fonts.google.com/specimen/Azeret+Mono
B612,Sans Serif,Sans Serif,,clean modern minimal professional readable neutral geometric humanist grotesque italic english western european,400 | 400i | 700 | 700i,,latin,PolarSys | Nicolas Chauveau | Thomas Paillot | Jonathan Favre-Lamarine | Jean-Luc Vinot,836,266,No,2018-12-11,2025-09-16,https://fonts.google.com/specimen/B612
B612 Mono,Monospace,Sans Serif,Monospace,code developer technical fixed-width terminal programming geometric humanist grotesque mono fixed-width tabular data code italic english western european,400 | 400i | 700 | 700i,,latin,Nicolas Chauveau | Thomas Paillot | Jonathan Favre-Lamarine | Jean-Luc Vinot,714,140,No,2018-12-11,2025-09-16,https://fonts.google.com/specimen/B612+Mono
BBH Bartle,Sans Serif,Sans Serif,,clean modern minimal professional readable neutral geometric humanist grotesque english western european,400,,latin,Studio DRAMA,1670,1447,No,2025-12-08,2025-12-10,https://fonts.google.com/specimen/BBH+Bartle
BBH Bogle,Sans Serif,Sans Serif,,clean modern minimal professional readable neutral geometric humanist grotesque english western european,400,,latin,Studio DRAMA,1740,146,No,2025-12-08,2025-12-10,https://fonts.google.com/specimen/BBH+Bogle
BBH Hegarty,Sans Serif,Sans Serif,,clean modern minimal professional readable neutral geometric humanist grotesque english western european,400,,latin,Studio DRAMA,1847,2060,No,2025-12-08,2025-12-10,https://fonts.google.com/specimen/BBH+Hegarty
BIZ UDGothic,Sans Serif,Sans Serif,,clean modern minimal professional readable neutral geometric humanist grotesque russian cyrillic slavic greek extended japanese kanji hiragana katakana english western european extended-latin european,400 | 700,,cyrillic | greek-ext | japanese | latin | latin-ext,Type Bank Co. | Morisawa Inc.,619,802,No,2022-03-16,2025-05-30,https://fonts.google.com/specimen/BIZ+UDGothic
BIZ UDMincho,Serif,Serif,,elegant traditional classic refined literary editorial transitional oldstyle didone russian cyrillic slavic greek extended japanese kanji hiragana katakana english western european extended-latin european,400 | 700,,cyrillic | greek-ext | japanese | latin | latin-ext,Type Bank Co. | Morisawa Inc.,1350,1670,No,2022-03-16,2025-05-30,https://fonts.google.com/specimen/BIZ+UDMincho
BIZ UDPGothic,Sans Serif,Sans Serif,,clean modern minimal professional readable neutral geometric humanist grotesque russian cyrillic slavic greek extended japanese kanji hiragana katakana english western european extended-latin european,400 | 700,,cyrillic | greek-ext | japanese | latin | latin-ext,Type Bank Co. | Morisawa Inc.,343,1165,No,2022-03-16,2026-01-06,https://fonts.google.com/specimen/BIZ+UDPGothic
BIZ UDPMincho,Serif,Serif,,elegant traditional classic refined literary editorial transitional oldstyle didone russian cyrillic slavic greek extended japanese kanji hiragana katakana english western european extended-latin european,400 | 700,,cyrillic | greek-ext | japanese | latin | latin-ext,Type Bank Co. | Morisawa Inc.,814,838,No,2022-03-16,2025-05-30,https://fonts.google.com/specimen/BIZ+UDPMincho
Babylonica,Handwriting,,Handwriting | Display,personal casual friendly warm handwritten script organic  script cursive hand-drawn artistic informal headline hero decorative large-text attention english western european extended-latin european vietnamese,400,,latin | latin-ext | vietnamese,Robert Leuschke,1603,2193,No,2022-02-23,2025-09-08,https://fonts.google.com/specimen/Babylonica
Bacasime Antique,Serif,Serif,,elegant traditional classic refined literary editorial transitional oldstyle didone english western european extended-latin european,400,,latin | latin-ext,The DocRepair Project | Claus Eggers Sørensen,1567,2205,No,2023-06-21,2025-05-30,https://fonts.google.com/specimen/Bacasime+Antique
Bad Script,Handwriting,,Handwriting,personal casual friendly warm handwritten script organic  script cursive hand-drawn artistic informal russian cyrillic slavic cyrillic extended english western european extended-latin european vietnamese,400,,cyrillic | cyrillic-ext | latin | latin-ext | vietnamese,Gaslight,453,1916,No,2011-12-13,2025-09-02,https://fonts.google.com/specimen/Bad+Script
Badeen Display,Display,,Display,bold decorative headline attention-grabbing creative expressive  headline hero decorative large-text attention arabic RTL middle-east english western european extended-latin european,400,,arabic | latin | latin-ext,Hani Alasadi,1228,504,No,2024-12-09,2025-05-30,https://fonts.google.com/specimen/Badeen+Display
Bagel Fat One,Display,,Display,bold decorative headline attention-grabbing creative expressive  headline hero decorative large-text attention korean hangul english western european extended-latin european,400,,korean | latin | latin-ext,Kyungwon Kim | JAMO,1307,723,No,2023-06-05,2025-05-30,https://fonts.google.com/specimen/Bagel+Fat+One
Bakbak One,Display,Sans Serif,Display,bold decorative headline attention-grabbing creative expressive geometric humanist grotesque headline hero decorative large-text attention hindi devanagari indian english western european extended-latin european,400,,devanagari | latin | latin-ext,Saumya Kishore | Sanchit Sawaria,980,1412,No,2021-09-09,2025-09-11,https://fonts.google.com/specimen/Bakbak+One
Ballet,Handwriting,,Display | Handwriting,personal casual friendly warm handwritten script organic  headline hero decorative large-text attention script cursive hand-drawn artistic informal variable variable-font responsive english western european extended-latin european vietnamese,400,opsz: -,latin | latin-ext | vietnamese,Omnibus-Type | Maximiliano Sproviero,1319,1286,No,2020-09-23,2025-09-11,https://fonts.google.com/specimen/Ballet
Baloo 2,Display,Sans Serif,Display,bold decorative headline attention-grabbing creative expressive geometric humanist grotesque headline hero decorative large-text attention variable variable-font responsive variable-weight hindi devanagari indian english western european extended-latin european vietnamese,400 | 500 | 600 | 700 | 800,wght: -,devanagari | latin | latin-ext | vietnamese,Ek Type,321,1375,No,2016-01-20,2025-09-16,https://fonts.google.com/specimen/Baloo+2
Baloo Bhai 2,Display,Sans Serif,Display,bold decorative headline attention-grabbing creative expressive geometric humanist grotesque headline hero decorative large-text attention variable variable-font responsive variable-weight gujarati indian english western european extended-latin european vietnamese,400 | 500 | 600 | 700 | 800,wght: -,gujarati | latin | latin-ext | vietnamese,Ek Type,1073,1910,No,2016-01-20,2025-09-10,https://fonts.google.com/specimen/Baloo+Bhai+2
Baloo Bhaijaan 2,Display,Sans Serif,Display,bold decorative headline attention-grabbing creative expressive geometric humanist grotesque headline hero decorative large-text attention variable variable-font responsive variable-weight arabic RTL middle-east english western european extended-latin european vietnamese,400 | 500 | 600 | 700 | 800,wght: -,arabic | latin | latin-ext | vietnamese,Ek Type,776,689,No,2021-10-29,2025-09-16,https://fonts.google.com/specimen/Baloo+Bhaijaan+2
Baloo Bhaina 2,Display,Sans Serif,Display,bold decorative headline attention-grabbing creative expressive geometric humanist grotesque headline hero decorative large-text attention variable variable-font responsive variable-weight english western european extended-latin european odia oriya indian vietnamese,400 | 500 | 600 | 700 | 800,wght: -,latin | latin-ext | oriya | vietnamese,Ek Type,1257,2215,No,2016-01-20,2025-09-02,https://fonts.google.com/specimen/Baloo+Bhaina+2
Baloo Chettan 2,Display,Sans Serif,Display,bold decorative headline attention-grabbing creative expressive geometric humanist grotesque headline hero decorative large-text attention variable variable-font responsive variable-weight english western european extended-latin european malayalam indian vietnamese,400 | 500 | 600 | 700 | 800,wght: -,latin | latin-ext | malayalam | vietnamese,Ek Type,815,749,No,2016-01-20,2025-09-16,https://fonts.google.com/specimen/Baloo+Chettan+2
Baloo Da 2,Display,Sans Serif,Display,bold decorative headline attention-grabbing creative expressive geometric humanist grotesque headline hero decorative large-text attention variable variable-font responsive variable-weight bengali bangladeshi indian english western european extended-latin european vietnamese,400 | 500 | 600 | 700 | 800,wght: -,bengali | latin | latin-ext | vietnamese,Ek Type,567,144,No,2016-01-20,2025-09-11,https://fonts.google.com/specimen/Baloo+Da+2
Baloo Paaji 2,Display,Sans Serif,Display,bold decorative headline attention-grabbing creative expressive geometric humanist grotesque headline hero decorative large-text attention variable variable-font responsive variable-weight punjabi gurmukhi indian english western european extended-latin european vietnamese,400 | 500 | 600 | 700 | 800,wght: -,gurmukhi | latin | latin-ext | vietnamese,Ek Type,787,413,No,2016-01-20,2025-09-10,https://fonts.google.com/specimen/Baloo+Paaji+2
Baloo Tamma 2,Display,,Display,bold decorative headline attention-grabbing creative expressive  headline hero decorative large-text attention variable variable-font responsive variable-weight kannada indian english western european extended-latin european vietnamese,400 | 500 | 600 | 700 | 800,wght: -,kannada | latin | latin-ext | vietnamese,Ek Type,854,314,No,2016-01-20,2025-09-11,https://fonts.google.com/specimen/Baloo+Tamma+2
Baloo Tammudu 2,Display,,Display,bold decorative headline attention-grabbing creative expressive  headline hero decorative large-text attention variable variable-font responsive variable-weight english western european extended-latin european telugu indian vietnamese,400 | 500 | 600 | 700 | 800,wght: -,latin | latin-ext | telugu | vietnamese,Ek Type,1016,377,No,2016-01-20,2025-09-11,https://fonts.google.com/specimen/Baloo+Tammudu+2
Baloo Thambi 2,Display,,Display,bold decorative headline attention-grabbing creative expressive  headline hero decorative large-text attention variable variable-font responsive variable-weight english western european extended-latin european tamil indian vietnamese,400 | 500 | 600 | 700 | 800,wght: -,latin | latin-ext | tamil | vietnamese,Ek Type,866,1753,No,2016-01-20,2025-09-16,https://fonts.google.com/specimen/Baloo+Thambi+2
Balsamiq Sans,Display,Sans Serif,Display,bold decorative headline attention-grabbing creative expressive geometric humanist grotesque headline hero decorative large-text attention italic russian cyrillic slavic cyrillic extended english western european extended-latin european,400 | 400i | 700 | 700i,,cyrillic | cyrillic-ext | latin | latin-ext,Michael Angeles,412,116,No,2020-04-09,2025-09-08,https://fonts.google.com/specimen/Balsamiq+Sans
Balthazar,Serif,Serif,,elegant traditional classic refined literary editorial transitional oldstyle didone english western european,400,,latin,Dario Manuel Muhafara,890,847,No,2011-12-13,2025-09-16,https://fonts.google.com/specimen/Balthazar
Bangers,Display,,Display,bold decorative headline attention-grabbing creative expressive  headline hero decorative large-text attention english western european extended-latin european vietnamese well-known common,400,,latin | latin-ext | vietnamese,Vernon Adams,254,221,No,2011-02-09,2025-09-08,https://fonts.google.com/specimen/Bangers
Barlow,Sans Serif,Sans Serif,,clean modern minimal professional readable neutral geometric humanist grotesque versatile multi-weight flexible italic english western european extended-latin european vietnamese top-popular trending most-used,100 | 100i | 200 | 200i | 300 | 300i | 400 | 400i | 500 | 500i | 600 | 600i | 700 | 700i | 800 | 800i | 900 | 900i,,latin | latin-ext | vietnamese,Jeremy Tribby,49,915,No,2017-10-26,2025-09-11,https://fonts.google.com/specimen/Barlow
Barlow Condensed,Sans Serif,Sans Serif,,clean modern minimal professional readable neutral geometric humanist grotesque versatile multi-weight flexible italic english western european extended-latin european vietnamese popular widely-used,100 | 100i | 200 | 200i | 300 | 300i | 400 | 400i | 500 | 500i | 600 | 600i | 700 | 700i | 800 | 800i | 900 | 900i,,latin | latin-ext | vietnamese,Jeremy Tribby,95,916,No,2017-10-26,2025-09-08,https://fonts.google.com/specimen/Barlow+Condensed
Barlow Semi Condensed,Sans Serif,Sans Serif,,clean modern minimal professional readable neutral geometric humanist grotesque versatile multi-weight flexible italic english western european extended-latin european vietnamese popular widely-used,100 | 100i | 200 | 200i | 300 | 300i | 400 | 400i | 500 | 500i | 600 | 600i | 700 | 700i | 800 | 800i | 900 | 900i,,latin | latin-ext | vietnamese,Jeremy Tribby,141,393,No,2017-10-26,2025-09-16,https://fonts.google.com/specimen/Barlow+Semi+Condensed
Barriecito,Display,,Display,bold decorative headline attention-grabbing creative expressive  headline hero decorative large-text attention english western european extended-latin european vietnamese,400,,latin | latin-ext | vietnamese,Omnibus-Type,646,786,No,2019-06-11,2025-09-11,https://fonts.google.com/specimen/Barriecito
Barrio,Display,,Display,bold decorative headline attention-grabbing creative expressive  headline hero decorative large-text attention english western european extended-latin european,400,,latin | latin-ext,Omnibus-Type,1226,960,No,2016-12-02,2025-09-11,https://fonts.google.com/specimen/Barrio
Basic,Sans Serif,Sans Serif,,clean modern minimal professional readable neutral geometric humanist grotesque english western european extended-latin european,400,,latin | latin-ext,Magnus Gaarde,552,1975,No,2011-12-15,2025-09-10,https://fonts.google.com/specimen/Basic
Baskervville,Serif,Serif,,elegant traditional classic refined literary editorial transitional oldstyle didone italic variable variable-font responsive variable-weight english western european extended-latin european well-known common,400 | 400i | 500 | 500i | 600 | 600i | 700 | 700i,wght: -,latin | latin-ext,ANRT,261,1632,No,2019-10-04,2025-09-11,https://fonts.google.com/specimen/Baskervville
Baskervville SC,Serif,Serif,,elegant traditional classic refined literary editorial transitional oldstyle didone variable variable-font responsive variable-weight english western european extended-latin european,400 | 500 | 600 | 700,wght: -,latin | latin-ext,ANRT,1276,414,No,2024-06-25,2025-09-08,https://fonts.google.com/specimen/Baskervville+SC
Battambang,Display,,Display,bold decorative headline attention-grabbing creative expressive  headline hero decorative large-text attention khmer cambodian english western european,100 | 300 | 400 | 700 | 900,,khmer | latin,Danh Hong,953,546,No,2011-03-02,2025-09-04,https://fonts.google.com/specimen/Battambang
Baumans,Display,,Display,bold decorative headline attention-grabbing creative expressive  headline hero decorative large-text attention english western european,400,,latin,Cyreal,1100,1566,No,2011-12-07,2025-09-08,https://fonts.google.com/specimen/Baumans
Bayon,Sans Serif,Sans Serif,Display,clean modern minimal professional readable neutral geometric humanist grotesque headline hero decorative large-text attention khmer cambodian english western european,400,,khmer | latin,Danh Hong,793,1563,No,2011-03-02,2025-09-11,https://fonts.google.com/specimen/Bayon
Be Vietnam Pro,Sans Serif,Sans Serif,,clean modern minimal professional readable neutral geometric humanist grotesque versatile multi-weight flexible italic english western european extended-latin european vietnamese well-known common,100 | 100i | 200 | 200i | 300 | 300i | 400 | 400i | 500 | 500i | 600 | 600i | 700 | 700i | 800 | 800i | 900 | 900i,,latin | latin-ext | vietnamese,Lâm Bảo | Tony Le | ViệtAnh Nguyễn,184,1983,No,2021-06-13,2025-09-08,https://fonts.google.com/specimen/Be+Vietnam+Pro
Beau Rivage,Handwriting,,Handwriting,personal casual friendly warm handwritten script organic  script cursive hand-drawn artistic informal english western european extended-latin european vietnamese,400,,latin | latin-ext | vietnamese,Robert Leuschke,1218,279,No,2022-02-16,2025-05-30,https://fonts.google.com/specimen/Beau+Rivage
Bebas Neue,Sans Serif,Sans Serif,Display,clean modern minimal professional readable neutral geometric humanist grotesque headline hero decorative large-text attention english western european extended-latin european top-popular trending most-used,400,,latin | latin-ext,Ryoichi Tsunekawa,48,814,No,2019-10-16,2025-09-16,https://fonts.google.com/specimen/Bebas+Neue
Beiruti,Sans Serif,Sans Serif,,clean modern minimal professional readable neutral geometric humanist grotesque versatile multi-weight flexible variable variable-font responsive variable-weight arabic RTL middle-east english western european extended-latin european vietnamese,200 | 300 | 400 | 500 | 600 | 700 | 800 | 900,wght: -,arabic | latin | latin-ext | vietnamese,Boutros Fonts | Arlette Boutros | Volker Schnebel,1358,193,No,2024-06-25,2025-09-10,https://fonts.google.com/specimen/Beiruti
Belanosima,Sans Serif,Sans Serif,Display,clean modern minimal professional readable neutral geometric humanist grotesque headline hero decorative large-text attention english western european extended-latin european,400 | 600 | 700,,latin | latin-ext,The DocRepair Project | Santiago Orozco,458,619,No,2023-06-14,2025-06-02,https://fonts.google.com/specimen/Belanosima
Belgrano,Serif,Serif,,elegant traditional classic refined literary editorial transitional oldstyle didone english western european,400,,latin,LatinoType,1241,1637,No,2011-12-19,2025-09-04,https://fonts.google.com/specimen/Belgrano
Bellefair,Serif,Serif,,elegant traditional classic refined literary editorial transitional oldstyle didone hebrew RTL israeli english western european extended-latin european,400,,hebrew | latin | latin-ext,Nick Shinn | Liron Lavi Turkenic,664,1683,No,2017-06-28,2025-09-08,https://fonts.google.com/specimen/Bellefair
Belleza,Sans Serif,Sans Serif,,clean modern minimal professional readable neutral geometric humanist grotesque english western european extended-latin european,400,,latin | latin-ext,Eduardo Tunni,465,1960,No,2012-03-29,2025-09-04,https://fonts.google.com/specimen/Belleza
Bellota,Display,,Display,bold decorative headline attention-grabbing creative expressive  headline hero decorative large-text attention italic russian cyrillic slavic english western european extended-latin european vietnamese,300 | 300i | 400 | 400i | 700 | 700i,,cyrillic | latin | latin-ext | vietnamese,Kemie Guaida,1056,1582,No,2020-01-16,2025-09-16,https://fonts.google.com/specimen/Bellota
Bellota Text,Display,Sans Serif,Display,bold decorative headline attention-grabbing creative expressive geometric humanist grotesque headline hero decorative large-text attention italic russian cyrillic slavic english western european extended-latin european vietnamese,300 | 300i | 400 | 400i | 700 | 700i,,cyrillic | latin | latin-ext | vietnamese,Kemie Guaida,645,2231,No,2020-01-16,2025-09-04,https://fonts.google.com/specimen/Bellota+Text
BenchNine,Sans Serif,Sans Serif,,clean modern minimal professional readable neutral geometric humanist grotesque english western european extended-latin european,300 | 400 | 700,,latin | latin-ext,Vernon Adams,538,1610,No,2012-09-24,2025-09-10,https://fonts.google.com/specimen/BenchNine
Benne,Serif,Serif,,elegant traditional classic refined literary editorial transitional oldstyle didone kannada indian english western european extended-latin european,400,,kannada | latin | latin-ext,John Harrington,1122,1253,No,2016-03-01,2025-09-11,https://fonts.google.com/specimen/Benne
Bentham,Serif,Serif,,elegant traditional classic refined literary editorial transitional oldstyle didone english western european extended-latin european,400,,latin | latin-ext,Ben Weiner,753,833,No,2010-11-30,2025-09-16,https://fonts.google.com/specimen/Bentham
Berkshire Swash,Handwriting,Serif,Display,personal casual friendly warm handwritten script organic transitional oldstyle didone headline hero decorative large-text attention english western european extended-latin european,400,,latin | latin-ext,Astigmatic,371,2058,No,2012-03-14,2025-09-11,https://fonts.google.com/specimen/Berkshire+Swash
Besley,Serif,Slab Serif,,elegant traditional classic refined literary editorial slab mechanical sturdy strong versatile multi-weight flexible italic variable variable-font responsive variable-weight english western european extended-latin european,400 | 400i | 500 | 500i | 600 | 600i | 700 | 700i | 800 | 800i | 900 | 900i,wght: -,latin | latin-ext,Owen Earl,530,1732,No,2021-01-05,2025-09-08,https://fonts.google.com/specimen/Besley
Betania Patmos,Handwriting,,Handwriting,personal casual friendly warm handwritten script organic  script cursive hand-drawn artistic informal english western european extended-latin european,400,,latin | latin-ext,Carolina Giovagnoli,1856,115,No,2026-02-12,2026-02-17,https://fonts.google.com/specimen/Betania+Patmos
